mineID,lat,lon,HQboost,fullrate,rawrate,techfactor,name,builddate,lastmaintenance,condition,resourceName,resourceID,lastenemyaction,def1,def2,def3,attackpenalty,attackcount,attacklost,quality,qualityInclTU
4,52.442405,13.585956,1,7726.5,1530.0,5.0500,"Clay Pit",1746884846,1770825675,0.959802,Clay,2,1746884846,200,5,2,1,0,0,1.0000,5.0500
4,52.442899,13.585582,1,7726.5,1530.0,5.0500,"Clay Pit",1746884926,1770825675,0.959802,Clay,2,1746884926,200,5,2,1,0,0,1.0000,5.0500
4,52.443663,13.586189,1,7726.5,1530.0,5.0500,"Clay Pit",1746885023,1770825675,0.959802,Clay,2,1746885023,200,5,2,1,0,0,1.0000,5.0500
4,52.443792,13.585796,1,7726.5,1530.0,5.0500,"Clay Pit",1746885052,1770825675,0.959802,Clay,2,1746885052,200,5,2,1,0,0,1.0000,5.0500
4,52.443935,13.586176,1,7726.5,1530.0,5.0500,"Clay Pit",1746885079,1770825675,0.959802,Clay,2,1746885079,200,5,2,1,0,0,1.0000,5.0500
4,52.441422,13.579424,1,7605.3,1506.0,5.0500,"Clay Pit",1746885615,1770825675,0.959802,Clay,2,1746885615,200,5,2,1,0,0,0.9843,4.9708
4,52.441202,13.580079,1,7665.9,1518.0,5.0500,"Clay Pit",1746885685,1770825675,0.959802,Clay,2,1746885685,200,5,2,1,0,0,0.9922,5.0104
4,52.441195,13.580517,1,7453.8,1476.0,5.0500,"Clay Pit",1746885736,1770825675,0.959802,Clay,2,1746885736,200,5,2,1,0,0,0.9647,4.8717
4,52.440963,13.580288,1,7726.5,1530.0,5.0500,"Clay Pit",1746885750,1770825675,0.959802,Clay,2,1746885750,200,5,2,1,0,0,1.0000,5.0500
4,52.439092,13.582540,1,7665.9,1518.0,5.0500,"Clay Pit",1746885990,1770825675,0.959802,Clay,2,1746885990,200,5,2,1,0,0,0.9922,5.0104
4,52.438822,13.582537,1,7665.9,1518.0,5.0500,"Clay Pit",1746886056,1770825675,0.959802,Clay,2,1746886056,200,5,2,1,0,0,0.9922,5.0104
4,52.438955,13.582927,1,7726.5,1530.0,5.0500,"Clay Pit",1746886077,1770825675,0.959802,Clay,2,1746886077,200,5,2,1,0,0,1.0000,5.0500
4,52.438565,13.582400,1,7726.5,1530.0,5.0500,"Clay Pit",1746886163,1770825675,0.959802,Clay,2,1746886163,200,5,2,1,0,0,1.0000,5.0500
4,52.438620,13.582838,1,7665.9,1518.0,5.0500,"Clay Pit",1746886170,1770825675,0.959802,Clay,2,1746886170,200,5,2,1,0,0,0.9922,5.0104
4,52.438364,13.582696,1,7453.8,1476.0,5.0500,"Clay Pit",1746886202,1770825675,0.959802,Clay,2,1746886202,1601810,5,2,1,0,0,0.9647,4.8717
4,52.438258,13.582290,1,7453.8,1476.0,5.0500,"Clay Pit",1746886266,1770825675,0.959802,Clay,2,1746886266,200,5,2,1,0,0,0.9647,4.8717
4,52.454275,13.584276,1,7665.9,1518.0,5.0500,"Clay Pit",1746906215,1770825675,0.959802,Clay,2,1746906215,200,5,2,1,0,0,0.9922,5.0104
4,52.454148,13.584669,1,7332.6,1452.0,5.0500,"Clay Pit",1746906239,1770825675,0.959802,Clay,2,1746906239,200,5,2,1,0,0,0.9490,4.7925
4,52.440787,13.683557,1,7665.9,1518.0,5.0500,"Clay Pit",1747059958,1770825675,0.959802,Clay,2,1747059958,200,5,2,1,0,0,0.9922,5.0104
4,52.441049,13.683454,1,7605.3,1506.0,5.0500,"Clay Pit",1747059968,1770825675,0.959802,Clay,2,1747059968,200,5,2,1,0,0,0.9843,4.9708
4,52.441132,13.683033,1,7332.6,1452.0,5.0500,"Clay Pit",1747059992,1770825675,0.959802,Clay,2,1747059992,200,5,2,1,0,0,0.9490,4.7925
4,52.440950,13.682695,1,7393.2,1464.0,5.0500,"Clay Pit",1747060017,1770825675,0.959802,Clay,2,1747060017,200,5,2,1,0,0,0.9569,4.8321
4,52.440685,13.682796,1,7726.5,1530.0,5.0500,"Clay Pit",1747060028,1770825675,0.959802,Clay,2,1747060028,200,5,2,1,0,0,1.0000,5.0500
4,52.440419,13.682893,1,7726.5,1530.0,5.0500,"Clay Pit",1747060050,1770825675,0.959802,Clay,2,1747060050,200,5,2,1,0,0,1.0000,5.0500
4,52.440332,13.683316,1,7726.5,1530.0,5.0500,"Clay Pit",1747060073,1770825675,0.959802,Clay,2,1747060073,200,5,2,1,0,0,1.0000,5.0500
4,52.440154,13.682982,1,7665.9,1518.0,5.0500,"Clay Pit",1747060086,1770825675,0.959802,Clay,2,1747060086,200,5,2,1,0,0,0.9922,5.0104
4,52.435746,13.681083,1,7665.9,1518.0,5.0500,"Clay Pit",1747362997,1770825675,0.959802,Clay,2,1747362997,200,5,2,1,0,0,0.9922,5.0104
4,52.436016,13.681100,1,7726.5,1530.0,5.0500,"Clay Pit",1747363048,1770825675,0.959802,Clay,2,1747363048,200,5,2,1,0,0,1.0000,5.0500
4,52.435890,13.680706,1,7726.5,1530.0,5.0500,"Clay Pit",1747363184,1770825675,0.959802,Clay,2,1747363184,200,5,2,1,0,0,1.0000,5.0500
4,52.567140,14.557202,1,7726.5,1530.0,5.0500,"Clay Pit",1760180856,1770825675,0.959802,Clay,2,1760180856,200,5,2,1,0,0,1.0000,5.0500
4,52.567134,14.557641,1,7726.5,1530.0,5.0500,"Clay Pit",1760180871,1770825675,0.959802,Clay,2,1760180871,200,5,2,1,0,0,1.0000,5.0500
4,52.567371,14.557430,1,7726.5,1530.0,5.0500,"Clay Pit",1760180880,1770825675,0.959802,Clay,2,1760180880,200,5,2,1,0,0,1.0000,5.0500
4,52.567365,14.557877,1,7726.5,1530.0,5.0500,"Clay Pit",1760180894,1770825675,0.959802,Clay,2,1760180894,200,5,2,1,0,0,1.0000,5.0500
4,52.567125,14.558088,1,7726.5,1530.0,5.0500,"Clay Pit",1760180910,1770825675,0.959802,Clay,2,1760180910,200,5,2,1,0,0,1.0000,5.0500
4,52.566897,14.557852,1,7726.5,1530.0,5.0500,"Clay Pit",1760180920,1770825675,0.959802,Clay,2,1760180920,200,5,2,1,0,0,1.0000,5.0500
4,52.566903,14.557413,1,7726.5,1530.0,5.0500,"Clay Pit",1760180929,1770825675,0.959802,Clay,2,1760180929,200,5,2,1,0,0,1.0000,5.0500
4,52.566666,14.557624,1,7726.5,1530.0,5.0500,"Clay Pit",1760180959,1770825675,0.959802,Clay,2,1760180959,200,5,2,1,0,0,1.0000,5.0500
4,52.566909,14.556966,1,7665.9,1518.0,5.0500,"Clay Pit",1760180967,1770825675,0.959802,Clay,2,1760180967,200,5,2,1,0,0,0.9922,5.0104
4,52.566673,14.557181,1,7726.5,1530.0,5.0500,"Clay Pit",1760180974,1770825675,0.959802,Clay,2,1760180974,200,5,2,1,0,0,1.0000,5.0500
4,52.566436,14.557392,1,7726.5,1530.0,5.0500,"Clay Pit",1760180999,1770825675,0.959802,Clay,2,1760180999,200,5,2,1,0,0,1.0000,5.0500
4,52.566442,14.556945,1,7726.5,1530.0,5.0500,"Clay Pit",1760181017,1770825675,0.959802,Clay,2,1760181017,200,5,2,1,0,0,1.0000,5.0500
4,52.566428,14.557839,1,7726.5,1530.0,5.0500,"Clay Pit",1760181026,1770825675,0.959802,Clay,2,1760181026,200,5,2,1,0,0,1.0000,5.0500
4,52.566206,14.557160,1,7726.5,1530.0,5.0500,"Clay Pit",1760181050,1770825675,0.959802,Clay,2,1760181050,200,5,2,1,0,0,1.0000,5.0500
4,52.566210,14.556713,1,7665.9,1518.0,5.0500,"Clay Pit",1760181063,1770825675,0.959802,Clay,2,1760181063,200,5,2,1,0,0,0.9922,5.0104
4,52.566660,14.558071,1,7726.5,1530.0,5.0500,"Clay Pit",1760181138,1770825675,0.959802,Clay,2,1760181138,200,5,2,1,0,0,1.0000,5.0500
4,52.566893,14.558298,1,7665.9,1518.0,5.0500,"Clay Pit",1760181174,1770825675,0.959802,Clay,2,1760181174,200,5,2,1,0,0,0.9922,5.0104
4,52.442635,13.579264,1,7726.5,1530.0,5.0500,"Clay Pit",1760396833,1770825675,0.959802,Clay,2,1760396833,200,5,2,1,0,0,1.0000,5.0500
4,52.444634,13.580602,1,7665.9,1518.0,5.0500,"Clay Pit",1760397100,1770825675,0.959802,Clay,2,1760397100,200,5,2,1,0,0,0.9922,5.0104
4,52.444613,13.581037,1,7665.9,1518.0,5.0500,"Clay Pit",1760397109,1770825675,0.959802,Clay,2,1760397109,200,5,2,1,0,0,0.9922,5.0104
4,52.444858,13.580850,1,7453.8,1476.0,5.0500,"Clay Pit",1760397124,1770825675,0.959802,Clay,2,1760397124,200,5,2,1,0,0,0.9647,4.8717
4,52.444877,13.580407,1,7665.9,1518.0,5.0500,"Clay Pit",1760397131,1770825675,0.959802,Clay,2,1760397131,200,5,2,1,0,0,0.9922,5.0104
4,52.444834,13.581292,1,7726.5,1530.0,5.0500,"Clay Pit",1760397159,1770825675,0.959802,Clay,2,1760397159,200,5,2,1,0,0,1.0000,5.0500
4,52.444812,13.581728,1,7726.5,1530.0,5.0500,"Clay Pit",1760397219,1770825675,0.959802,Clay,2,1760397219,200,5,2,1,0,0,1.0000,5.0500
4,52.445057,13.581542,1,7726.5,1530.0,5.0500,"Clay Pit",1760397245,1770825675,0.959802,Clay,2,1760397245,200,5,2,1,0,0,1.0000,5.0500
4,52.445033,13.581986,1,7272.0,1440.0,5.0500,"Clay Pit",1760397254,1770825675,0.959802,Clay,2,1760397254,200,5,2,1,0,0,0.9412,4.7529
4,52.445078,13.581098,1,7544.7,1494.0,5.0500,"Clay Pit",1760397320,1770825675,0.959802,Clay,2,1760397320,200,5,2,1,0,0,0.9765,4.9312
4,52.445279,13.581798,1,7332.6,1452.0,5.0500,"Clay Pit",1760397337,1770825675,0.959802,Clay,2,1760397337,200,5,2,1,0,0,0.9490,4.7925
4,52.445303,13.581354,1,7726.5,1530.0,5.0500,"Clay Pit",1760397362,1770825675,0.959802,Clay,2,1760397362,200,5,2,1,0,0,1.0000,5.0500
4,52.445324,13.580910,1,7726.5,1530.0,5.0500,"Clay Pit",1760397411,1770825675,0.959802,Clay,2,1760397411,200,5,2,1,0,0,1.0000,5.0500
4,52.445548,13.581162,1,7665.9,1518.0,5.0500,"Clay Pit",1760397418,1770825675,0.959802,Clay,2,1760397418,200,5,2,1,0,0,0.9922,5.0104
4,52.445569,13.580717,1,7726.5,1530.0,5.0500,"Clay Pit",1760397476,1770825675,0.959802,Clay,2,1760397476,200,5,2,1,0,0,1.0000,5.0500
4,52.445790,13.580969,1,7453.8,1476.0,5.0500,"Clay Pit",1760397484,1770825675,0.959802,Clay,2,1760397484,200,5,2,1,0,0,0.9647,4.8717
4,52.445102,13.580655,1,6999.3,1386.0,5.0500,"Clay Pit",1760397527,1770825675,0.959802,Clay,2,1760397527,200,5,2,1,0,0,0.9059,4.5747
4,52.443122,13.586296,1,7726.5,1530.0,5.0500,"Clay Pit",1760426103,1770825675,0.959802,Clay,2,1760426103,200,5,2,1,0,0,1.0000,5.0500
4,52.453542,13.584815,1,7726.5,1530.0,5.0500,"Clay Pit",1760443322,1770825675,0.959802,Clay,2,1760443322,200,5,2,1,0,0,1.0000,5.0500
4,52.444952,13.572501,1,7726.5,1530.0,5.0500,"Clay Pit",1760688315,1770825675,0.959802,Clay,2,1760688315,200,5,2,1,0,0,1.0000,5.0500
4,52.445219,13.572481,1,7726.5,1530.0,5.0500,"Clay Pit",1760688327,1770825675,0.959802,Clay,2,1760688327,200,5,2,1,0,0,1.0000,5.0500
4,52.441892,13.579037,1,7726.5,1530.0,5.0500,"Clay Pit",1761654930,1770825675,0.959802,Clay,2,1761654930,200,5,2,1,0,0,1.0000,5.0500
4,52.441913,13.579478,1,7726.5,1530.0,5.0500,"Clay Pit",1761654942,1770825675,0.959802,Clay,2,1761654942,200,5,2,1,0,0,1.0000,5.0500
4,52.442138,13.579227,1,7726.5,1530.0,5.0500,"Clay Pit",1761654968,1770825675,0.959802,Clay,2,1761654968,200,5,2,1,0,0,1.0000,5.0500
5,52.443074,13.575399,1,2732.0,541.0,5.0500,"Gravel Pit",1746886905,1770825675,0.959802,Gravel,3,1746886905,200,5,2,1,0,0,0.9982,5.0409
9,52.447581,13.583642,1,2484.6,492.0,5.0500,"Coal Mine",1746904809,1770825675,0.959802,Coal,8,1746904809,200,5,2,1,0,0,0.9647,4.8717
9,52.447312,13.583721,1,2333.1,462.0,5.0500,"Coal Mine",1746904852,1770825675,0.959802,Coal,8,1746904852,200,5,2,1,0,0,0.9059,4.5747
9,52.447851,13.583574,1,2272.5,450.0,5.0500,"Coal Mine",1746904861,1770825675,0.959802,Coal,8,1746904861,200,5,2,1,0,0,0.8824,4.4559
9,52.447659,13.584414,1,2272.5,450.0,5.0500,"Coal Mine",1746904872,1770825675,0.959802,Coal,8,1746904872,200,5,2,1,0,0,0.8824,4.4559
9,52.444807,13.561340,1,2424.0,480.0,5.0500,"Coal Mine",1746916617,1770825675,0.959802,Coal,8,1746916617,200,5,2,1,0,0,0.9412,4.7529
9,52.444173,13.560470,1,2484.6,492.0,5.0500,"Coal Mine",1746916721,1770825675,0.959802,Coal,8,1746916721,200,5,2,1,0,0,0.9647,4.8717
9,52.484426,13.591197,1,2575.5,510.0,5.0500,"Coal Mine",1752222832,1770825675,0.959802,Coal,8,1752222832,200,5,2,1,0,0,1.0000,5.0500
9,52.462704,13.564927,1,2484.6,492.0,5.0500,"Coal Mine",1752359187,1770825675,0.959802,Coal,8,1752359187,200,5,2,1,0,0,0.9647,4.8717
9,52.435518,13.524858,1,2575.5,510.0,5.0500,"Coal Mine",1754644864,1770825675,0.959802,Coal,8,1754644864,200,5,2,1,0,0,1.0000,5.0500
9,52.464577,13.513407,1,2575.5,510.0,5.0500,"Coal Mine",1755516951,1770825675,0.959802,Coal,8,1755516951,200,5,2,1,0,0,1.0000,5.0500
9,52.447755,13.583986,1,2575.5,510.0,5.0500,"Coal Mine",1760442878,1770825675,0.959802,Coal,8,1760442878,200,5,2,1,0,0,1.0000,5.0500
9,52.444596,13.561064,1,2575.5,510.0,5.0500,"Coal Mine",1760543859,1770825675,0.959802,Coal,8,1760543859,200,5,2,1,0,0,1.0000,5.0500
9,52.444388,13.560784,1,2575.5,510.0,5.0500,"Coal Mine",1760543888,1770825675,0.959802,Coal,8,1760543888,200,5,2,1,0,0,1.0000,5.0500
9,52.444343,13.561221,1,2575.5,510.0,5.0500,"Coal Mine",1760543917,1770825675,0.959802,Coal,8,1760543917,200,5,2,1,0,0,1.0000,5.0500
9,52.444135,13.560939,1,2575.5,510.0,5.0500,"Coal Mine",1760543926,1770825675,0.959802,Coal,8,1760543926,200,5,2,1,0,0,1.0000,5.0500
9,52.466810,13.549485,1,2575.5,510.0,5.0500,"Coal Mine",1760545570,1770825675,0.959802,Coal,8,1760545570,200,5,2,1,0,0,1.0000,5.0500
9,52.450675,13.564538,1,2575.5,510.0,5.0500,"Coal Mine",1760545637,1770825675,0.959802,Coal,8,1760545637,200,5,2,1,0,0,1.0000,5.0500
9,52.450906,13.564218,1,2575.5,510.0,5.0500,"Coal Mine",1760545661,1770825675,0.959802,Coal,8,1760545661,200,5,2,1,0,0,1.0000,5.0500
9,52.451151,13.564403,1,2575.5,510.0,5.0500,"Coal Mine",1760545696,1770825675,0.959802,Coal,8,1760545696,200,5,2,1,0,0,1.0000,5.0500
9,52.450986,13.565084,1,2575.5,510.0,5.0500,"Coal Mine",1760545710,1770825675,0.959802,Coal,8,1760545710,200,5,2,1,0,0,1.0000,5.0500
9,52.463188,13.565377,1,510.0,510.0,1.0000,"Coal Mine",1770056279,1770825675,0.959802,Coal,8,1770056279,200,5,2,1,0,0,1.0000,1.0000
9,52.463391,13.564835,1,510.0,510.0,1.0000,"Coal Mine",1770230144,1770825675,0.959802,Coal,8,1770230144,200,5,2,1,0,0,1.0000,1.0000
9,52.463128,13.564943,1,510.0,510.0,1.0000,"Coal Mine",1770341402,1770825675,0.959802,Coal,8,1770341402,200,5,2,1,0,0,1.0000,1.0000
9,52.462929,13.565245,1,510.0,510.0,1.0000,"Coal Mine",1770398351,1770825675,0.959802,Coal,8,1770398351,200,5,2,1,0,0,1.0000,1.0000
9,52.463173,13.564507,1,510.0,510.0,1.0000,"Coal Mine",1770455637,1770825675,0.959802,Coal,8,1770455637,200,5,2,1,0,0,1.0000,1.0000
16,52.438442,13.683921,1,1545.3,306.0,5.0500,"Bauxite Mine",1747060275,1770825675,0.959802,Bauxite,12,1747060275,200,5,2,1,0,0,1.0000,5.0500
16,52.438354,13.683503,1,1520.0,301.0,5.0500,"Bauxite Mine",1747060326,1770825675,0.959802,Bauxite,12,1747060326,200,5,2,1,0,0,0.9837,4.9675
16,52.438177,13.683837,1,1545.3,306.0,5.0500,"Bauxite Mine",1747060333,1770825675,0.959802,Bauxite,12,1747060333,200,5,2,1,0,0,1.0000,5.0500
16,52.441730,13.580498,1,1545.3,306.0,5.0500,"Bauxite Mine",1760396608,1770825675,0.959802,Bauxite,12,1760396608,200,5,2,1,0,0,1.0000,5.0500
16,52.441930,13.580200,1,1545.3,306.0,5.0500,"Bauxite Mine",1761654888,1770825675,0.959802,Bauxite,12,1761654888,200,5,2,1,0,0,1.0000,5.0500
17,52.427608,13.527851,1,1929.1,382.0,5.0500,"Iron Ore Mine",1755459930,1770825675,0.959802,"Iron Ore",13,1755459930,200,5,2,1,0,0,0.9987,5.0434
17,52.427393,13.528104,1,1929.1,382.0,5.0500,"Iron Ore Mine",1755512256,1770825675,0.959802,"Iron Ore",13,1755512256,200,5,2,1,0,0,0.9987,5.0434
17,52.427135,13.528200,1,1929.1,382.0,5.0500,"Iron Ore Mine",1755512298,1770825675,0.959802,"Iron Ore",13,1755512298,200,5,2,1,0,0,0.9987,5.0434
17,52.426921,13.528459,1,1929.1,382.0,5.0500,"Iron Ore Mine",1755512328,1770825675,0.959802,"Iron Ore",13,1755512328,200,5,2,1,0,0,0.9987,5.0434
17,52.426896,13.527997,1,1929.1,382.0,5.0500,"Iron Ore Mine",1755512432,1770825675,0.959802,"Iron Ore",13,1755512432,200,5,2,1,0,0,0.9987,5.0434
17,52.427064,13.529306,1,1929.1,382.0,5.0500,"Iron Ore Mine",1755512545,1770825675,0.959802,"Iron Ore",13,1755512545,200,5,2,1,0,0,0.9987,5.0434
17,52.459375,13.517363,1,1929.1,382.0,5.0500,"Iron Ore Mine",1755516075,1770825675,0.959802,"Iron Ore",13,1755516075,200,5,2,1,0,0,0.9987,5.0434
17,52.458931,13.517550,1,1929.1,382.0,5.0500,"Iron Ore Mine",1755516185,1770825675,0.959802,"Iron Ore",13,1755516185,200,5,2,1,0,0,0.9987,5.0434
17,52.367281,13.573776,1,1929.1,382.0,5.0500,"Iron Ore Mine",1757074669,1770825675,0.959802,"Iron Ore",13,1757074669,200,5,2,1,0,0,0.9987,5.0434
17,52.443167,13.589681,1,1929.1,382.0,5.0500,"Iron Ore Mine",1760426552,1770825675,0.959802,"Iron Ore",13,1760426552,200,5,2,1,0,0,0.9987,5.0434
17,52.439547,13.685161,1,1929.1,382.0,5.0500,"Iron Ore Mine",1763644279,1770825675,0.959802,"Iron Ore",13,1763644279,200,5,2,1,0,0,0.9987,5.0434
17,52.439663,13.684760,1,1929.1,382.0,5.0500,"Iron Ore Mine",1763644291,1770825675,0.959802,"Iron Ore",13,1763644291,200,5,2,1,0,0,0.9987,5.0434
17,52.440004,13.685443,1,1929.1,382.0,5.0500,"Iron Ore Mine",1763644301,1770825675,0.959802,"Iron Ore",13,1763644301,200,5,2,1,0,0,0.9987,5.0434
17,52.459205,13.570580,1,382.0,382.0,1.0000,"Iron Ore Mine",1770508323,1770825675,0.959802,"Iron Ore",13,1770508323,200,5,2,1,0,0,0.9987,0.9987
17,52.459469,13.570472,1,382.0,382.0,1.0000,"Iron Ore Mine",1770584687,1770825675,0.959802,"Iron Ore",13,1770584687,200,5,2,1,0,0,0.9987,0.9987
17,52.459498,13.570912,1,379.0,379.0,1.0000,"Iron Ore Mine",1770667798,1770825675,0.959802,"Iron Ore",13,1770667798,200,5,2,1,0,0,0.9908,0.9908
18,52.580181,14.564614,1,10302.0,2040.0,5.0500,"Gold Mine",1751111473,1770825675,0.959802,"Gold Ore",14,1751111473,200,5,2,1,0,0,1.0000,5.0500
18,52.579945,14.564398,1,10302.0,2040.0,5.0500,"Gold Mine",1760176586,1770825675,0.959802,"Gold Ore",14,1760176586,200,5,2,1,0,0,1.0000,5.0500
18,52.580177,14.564169,1,9453.6,1872.0,5.0500,"Gold Mine",1761994448,1770825675,0.959802,"Gold Ore",14,1761994448,200,5,2,1,0,0,0.9176,4.6341
18,52.580416,14.564386,1,9251.6,1832.0,5.0500,"Gold Mine",1767010971,1770825675,0.959802,"Gold Ore",14,1767010971,200,5,2,1,0,0,0.8980,4.5351
21,52.445519,13.562505,1,2575.5,510.0,5.0500,"Limestone Quarry",1746917485,1770825675,0.959802,Limestone,20,1746917485,200,5,2,1,0,0,1.0000,5.0500
21,52.445306,13.562860,1,2494.7,494.0,5.0500,"Limestone Quarry",1746917512,1770825675,0.959802,Limestone,20,1746917512,200,5,2,1,0,0,0.9686,4.8915
21,52.445036,13.562882,1,2575.5,510.0,5.0500,"Limestone Quarry",1746917539,1770825675,0.959802,Limestone,20,1746917539,200,5,2,1,0,0,1.0000,5.0500
21,52.444913,13.563277,1,2575.5,510.0,5.0500,"Limestone Quarry",1746917575,1770825675,0.959802,Limestone,20,1746917575,200,5,2,1,0,0,1.0000,5.0500
21,52.444766,13.562904,1,2575.5,510.0,5.0500,"Limestone Quarry",1746917595,1770825675,0.959802,Limestone,20,1746917595,200,5,2,1,0,0,1.0000,5.0500
21,52.928093,13.695192,10,17371.9,344.0,5.0500,"Limestone Quarry",1747927118,1770896590,0.992633,Limestone,20,1747927118,200,5,2,1,0,0,0.6745,3.4063
21,52.928199,13.694778,10,17876.9,354.0,5.0500,"Limestone Quarry",1747927125,1770896590,0.992633,Limestone,20,1747927125,200,5,2,1,0,0,0.6941,3.5053
21,52.928358,13.695157,10,18987.9,376.0,5.0500,"Limestone Quarry",1747927210,1770896590,0.992633,Limestone,20,1747927210,200,5,2,1,0,0,0.7373,3.7231
21,52.928462,13.694752,10,21411.9,424.0,5.0500,"Limestone Quarry",1747927539,1770896590,0.992633,Limestone,20,1747927539,200,5,2,1,0,0,0.8314,4.1984
21,52.928731,13.694717,10,22522.9,446.0,5.0500,"Limestone Quarry",1747927561,1770896590,0.992633,Limestone,20,1747927561,200,5,2,1,0,0,0.8745,4.4163
21,52.928899,13.695085,10,20199.9,400.0,5.0500,"Limestone Quarry",1747927578,1770896590,0.992633,Limestone,20,1747927578,200,5,2,1,0,0,0.7843,3.9608
21,52.929053,13.695460,10,21613.9,428.0,5.0500,"Limestone Quarry",1747927602,1770896590,0.992633,Limestone,20,1747927602,200,5,2,1,0,0,0.8392,4.2380
21,52.441473,13.578404,1,2575.5,510.0,5.0500,"Limestone Quarry",1755470041,1770825675,0.959802,Limestone,20,1755470041,200,5,2,1,0,0,1.0000,5.0500
27,52.426100,13.711003,1,2060.4,408.0,5.0500,"Copper Mine",1752151168,1770825675,0.959802,Chalcopyrite,26,1752151168,200,5,2,1,0,0,1.0000,5.0500
54,52.441472,13.562570,1,3863.2,765.0,5.0500,"Sand Mine",1746917018,1770825675,0.959802,"Quartz Sand",53,1746917018,200,5,2,1,0,0,1.0000,5.0500
54,52.441235,13.562351,1,3863.2,765.0,5.0500,"Sand Mine",1746917029,1770825675,0.959802,"Quartz Sand",53,1746917029,200,5,2,1,0,0,1.0000,5.0500
54,52.441238,13.562797,1,3863.2,765.0,5.0500,"Sand Mine",1746917062,1770825675,0.959802,"Quartz Sand",53,1746917062,200,5,2,1,0,0,1.0000,5.0500
54,52.445012,13.590986,1,3863.2,765.0,5.0500,"Sand Mine",1760482330,1770825675,0.959802,"Quartz Sand",53,1760482330,200,5,2,1,0,0,1.0000,5.0500
54,52.445019,13.591430,1,3863.2,765.0,5.0500,"Sand Mine",1760482338,1770825675,0.959802,"Quartz Sand",53,1760482338,200,5,2,1,0,0,1.0000,5.0500
54,52.445271,13.591592,1,3863.2,765.0,5.0500,"Sand Mine",1760482347,1770825675,0.959802,"Quartz Sand",53,1760482347,200,5,2,1,0,0,1.0000,5.0500
54,52.445502,13.591360,1,3863.2,765.0,5.0500,"Sand Mine",1760482355,1770825675,0.959802,"Quartz Sand",53,1760482355,200,5,2,1,0,0,1.0000,5.0500
54,52.445224,13.590710,1,3863.2,765.0,5.0500,"Sand Mine",1760482371,1770825675,0.959802,"Quartz Sand",53,1760482371,200,5,2,1,0,0,1.0000,5.0500
54,52.445496,13.590919,1,3863.2,765.0,5.0500,"Sand Mine",1760482440,1770825675,0.959802,"Quartz Sand",53,1760482440,200,5,2,1,0,0,1.0000,5.0500
54,52.441469,13.562125,1,3863.2,765.0,5.0500,"Sand Mine",1760544678,1770825675,0.959802,"Quartz Sand",53,1760544678,200,5,2,1,0,0,1.0000,5.0500
54,52.441705,13.562343,1,3863.2,765.0,5.0500,"Sand Mine",1760544705,1770825675,0.959802,"Quartz Sand",53,1760544705,200,5,2,1,0,0,1.0000,5.0500
54,52.441708,13.562788,1,3863.2,765.0,5.0500,"Sand Mine",1760544713,1770825675,0.959802,"Quartz Sand",53,1760544713,200,5,2,1,0,0,1.0000,5.0500
54,52.441941,13.562561,1,3863.2,765.0,5.0500,"Sand Mine",1760544730,1770825675,0.959802,"Quartz Sand",53,1760544730,200,5,2,1,0,0,1.0000,5.0500
82,52.927903,13.696778,10,60852.2,1205.0,5.0500,"Diamond Mine",1747920849,1770896590,0.992633,"Rough Diamonds",81,1747920849,200,5,2,1,0,0,0.9451,4.7727
82,52.927749,13.696407,10,60852.2,1205.0,5.0500,"Diamond Mine",1747920860,1770896590,0.992633,"Rough Diamonds",81,1747920860,200,5,2,1,0,0,0.9451,4.7727
82,52.927634,13.696812,10,59589.7,1180.0,5.0500,"Diamond Mine",1747920872,1770896590,0.992633,"Rough Diamonds",81,1747920872,200,5,2,1,0,0,0.9255,4.6737
82,52.927786,13.697185,10,53782.2,1065.0,5.0500,"Diamond Mine",1747920884,1770896590,0.992633,"Rough Diamonds",81,1747920884,200,5,2,1,0,0,0.8353,4.2182
82,52.927480,13.696444,10,59589.7,1180.0,5.0500,"Diamond Mine",1747920896,1770896590,0.992633,"Rough Diamonds",81,1747920896,200,5,2,1,0,0,0.9255,4.6737
82,52.927365,13.696849,10,55297.2,1095.0,5.0500,"Diamond Mine",1747920907,1770896590,0.992633,"Rough Diamonds",81,1747920907,200,5,2,1,0,0,0.8588,4.3370
82,52.927211,13.696481,10,53782.2,1065.0,5.0500,"Diamond Mine",1747920984,1770896590,0.992633,"Rough Diamonds",81,1747920984,200,5,2,1,0,0,0.8353,4.2182
82,52.927096,13.696886,10,43934.8,870.0,5.0500,"Diamond Mine",1747920998,1770896590,0.992633,"Rough Diamonds",81,1747920998,200,5,2,1,0,0,0.6824,3.4459
82,52.927326,13.696076,10,59589.7,1180.0,5.0500,"Diamond Mine",1747921006,1770896590,0.992633,"Rough Diamonds",81,1747921006,200,5,2,1,0,0,0.9255,4.6737
82,52.927595,13.696036,10,59589.7,1180.0,5.0500,"Diamond Mine",1747921030,1770896590,0.992633,"Rough Diamonds",81,1747921030,200,5,2,1,0,0,0.9255,4.6737
82,52.927866,13.696000,10,59589.7,1180.0,5.0500,"Diamond Mine",1747921224,1770896590,0.992633,"Rough Diamonds",81,1747921224,200,5,2,1,0,0,0.9255,4.6737
82,52.927440,13.695670,10,41157.3,815.0,5.0500,"Diamond Mine",1747921239,1770896590,0.992633,"Rough Diamonds",81,1747921239,200,5,2,1,0,0,0.6392,3.2280
82,52.927712,13.695629,10,41157.3,815.0,5.0500,"Diamond Mine",1747921246,1770896590,0.992633,"Rough Diamonds",81,1747921246,200,5,2,1,0,0,0.6392,3.2280
82,52.927171,13.695709,10,45449.8,900.0,5.0500,"Diamond Mine",1747921254,1770896590,0.992633,"Rough Diamonds",81,1747921254,200,5,2,1,0,0,0.7059,3.5647
82,52.927057,13.696115,10,51004.8,1010.0,5.0500,"Diamond Mine",1747921260,1770896590,0.992633,"Rough Diamonds",81,1747921260,200,5,2,1,0,0,0.7922,4.0004
82,52.928135,13.695971,10,48227.3,955.0,5.0500,"Diamond Mine",1747921347,1770896590,0.992633,"Rough Diamonds",81,1747921347,200,5,2,1,0,0,0.7490,3.7825
82,52.927985,13.695595,10,29794.9,590.0,5.0500,"Diamond Mine",1747921354,1770896590,0.992633,"Rough Diamonds",81,1747921354,200,5,2,1,0,0,0.4627,2.3369
82,52.928287,13.696341,10,55297.2,1095.0,5.0500,"Diamond Mine",1747921392,1770896590,0.992633,"Rough Diamonds",81,1747921392,200,5,2,1,0,0,0.8588,4.3370
82,52.928170,13.696748,10,56812.2,1125.0,5.0500,"Diamond Mine",1747921398,1770896590,0.992633,"Rough Diamonds",81,1747921398,200,5,2,1,0,0,0.8824,4.4559
82,52.928052,13.697154,10,55297.2,1095.0,5.0500,"Diamond Mine",1747921472,1770896590,0.992633,"Rough Diamonds",81,1747921472,200,5,2,1,0,0,0.8588,4.3370
82,52.928439,13.696711,10,46712.3,925.0,5.0500,"Diamond Mine",1747921517,1770896590,0.992633,"Rough Diamonds",81,1747921517,200,5,2,1,0,0,0.7255,3.6637
82,52.928321,13.697119,10,56812.2,1125.0,5.0500,"Diamond Mine",1747921527,1770896590,0.992633,"Rough Diamonds",81,1747921527,200,5,2,1,0,0,0.8824,4.4559
82,52.927936,13.697561,10,53782.2,1065.0,5.0500,"Diamond Mine",1747921585,1770896590,0.992633,"Rough Diamonds",81,1747921585,200,5,2,1,0,0,0.8353,4.2182
82,52.928205,13.697526,10,55297.2,1095.0,5.0500,"Diamond Mine",1747921591,1770896590,0.992633,"Rough Diamonds",81,1747921591,200,5,2,1,0,0,0.8588,4.3370
82,52.927666,13.697587,10,59589.7,1180.0,5.0500,"Diamond Mine",1747921641,1770896590,0.992633,"Rough Diamonds",81,1747921641,200,5,2,1,0,0,0.9255,4.6737
82,52.928089,13.697933,10,53782.2,1065.0,5.0500,"Diamond Mine",1747921692,1770896590,0.992633,"Rough Diamonds",81,1747921692,200,5,2,1,0,0,0.8353,4.2182
82,52.928358,13.697895,10,48227.3,955.0,5.0500,"Diamond Mine",1747921739,1770896590,0.992633,"Rough Diamonds",81,1747921739,200,5,2,1,0,0,0.7490,3.7825
82,52.928474,13.697488,10,55297.2,1095.0,5.0500,"Diamond Mine",1747921746,1770896590,0.992633,"Rough Diamonds",81,1747921746,200,5,2,1,0,0,0.8588,4.3370
82,52.928627,13.697857,10,49489.8,980.0,5.0500,"Diamond Mine",1747921811,1770896590,0.992633,"Rough Diamonds",81,1747921811,200,5,2,1,0,0,0.7686,3.8816
82,52.928244,13.698304,10,48227.3,955.0,5.0500,"Diamond Mine",1747921819,1770896590,0.992633,"Rough Diamonds",81,1747921819,200,5,2,1,0,0,0.7490,3.7825
82,52.928513,13.698262,10,45449.8,900.0,5.0500,"Diamond Mine",1747921837,1770896590,0.992633,"Rough Diamonds",81,1747921837,200,5,2,1,0,0,0.7059,3.5647
82,52.928590,13.697084,10,45449.8,900.0,5.0500,"Diamond Mine",1747921876,1770896590,0.992633,"Rough Diamonds",81,1747921876,200,5,2,1,0,0,0.7059,3.5647
82,52.928743,13.697453,10,52519.7,1040.0,5.0500,"Diamond Mine",1747921884,1770896590,0.992633,"Rough Diamonds",81,1747921884,200,5,2,1,0,0,0.8157,4.1192
82,52.928859,13.697049,10,35349.8,700.0,5.0500,"Diamond Mine",1747921989,1770896590,0.992633,"Rough Diamonds",81,1747921989,200,5,2,1,0,0,0.5490,2.7725
82,52.928708,13.696682,10,32572.3,645.0,5.0500,"Diamond Mine",1747922006,1770896590,0.992633,"Rough Diamonds",81,1747922006,200,5,2,1,0,0,0.5059,2.5547
82,52.928556,13.696308,10,42419.8,840.0,5.0500,"Diamond Mine",1747922037,1770896590,0.992633,"Rough Diamonds",81,1747922037,200,5,2,1,0,0,0.6588,3.3270
82,52.928404,13.695938,10,38127.3,755.0,5.0500,"Diamond Mine",1747922093,1770896590,0.992633,"Rough Diamonds",81,1747922093,200,5,2,1,0,0,0.5922,2.9904
82,52.928673,13.695904,10,35349.8,700.0,5.0500,"Diamond Mine",1747922164,1770896590,0.992633,"Rough Diamonds",81,1747922164,200,5,2,1,0,0,0.5490,2.7725
82,52.928825,13.696279,10,34087.3,675.0,5.0500,"Diamond Mine",1747922176,1770896590,0.992633,"Rough Diamonds",81,1747922176,200,5,2,1,0,0,0.5294,2.6735
82,52.928252,13.695564,10,25502.4,505.0,5.0500,"Diamond Mine",1747922197,1770896590,0.992633,"Rough Diamonds",81,1747922197,200,5,2,1,0,0,0.3961,2.0002
82,52.928521,13.695535,10,35349.8,700.0,5.0500,"Diamond Mine",1747922204,1770896590,0.992633,"Rough Diamonds",81,1747922204,200,5,2,1,0,0,0.5490,2.7725
82,52.928942,13.695876,10,25502.4,505.0,5.0500,"Diamond Mine",1747922285,1770896590,0.992633,"Rough Diamonds",81,1747922285,200,5,2,1,0,0,0.3961,2.0002
82,52.928977,13.696649,10,34087.3,675.0,5.0500,"Diamond Mine",1747922292,1770896590,0.992633,"Rough Diamonds",81,1747922292,200,5,2,1,0,0,0.5294,2.6735
82,52.929094,13.696246,10,23987.4,475.0,5.0500,"Diamond Mine",1747922299,1770896590,0.992633,"Rough Diamonds",81,1747922299,200,5,2,1,0,0,0.3725,1.8814
82,52.929246,13.696616,10,32572.3,645.0,5.0500,"Diamond Mine",1747922454,1770896590,0.992633,"Rough Diamonds",81,1747922454,200,5,2,1,0,0,0.5059,2.5547
82,52.929128,13.697020,10,36864.8,730.0,5.0500,"Diamond Mine",1747922461,1770896590,0.992633,"Rough Diamonds",81,1747922461,200,5,2,1,0,0,0.5725,2.8914
82,52.929012,13.697418,10,39642.3,785.0,5.0500,"Diamond Mine",1747922484,1770896590,0.992633,"Rough Diamonds",81,1747922484,200,5,2,1,0,0,0.6157,3.1092
82,52.929281,13.697389,10,32572.3,645.0,5.0500,"Diamond Mine",1747922536,1770896590,0.992633,"Rough Diamonds",81,1747922536,200,5,2,1,0,0,0.5059,2.5547
82,52.928896,13.697825,10,46712.3,925.0,5.0500,"Diamond Mine",1747922559,1770896590,0.992633,"Rough Diamonds",81,1747922559,200,5,2,1,0,0,0.7255,3.6637
82,52.928778,13.698231,10,46712.3,925.0,5.0500,"Diamond Mine",1747922722,1770896590,0.992633,"Rough Diamonds",81,1747922722,200,5,2,1,0,0,0.7255,3.6637
82,52.927975,13.698339,10,46712.3,925.0,5.0500,"Diamond Mine",1747922812,1770896590,0.992633,"Rough Diamonds",81,1747922812,200,5,2,1,0,0,0.7255,3.6637
82,52.928401,13.698672,10,46712.3,925.0,5.0500,"Diamond Mine",1747922844,1770896590,0.992633,"Rough Diamonds",81,1747922844,200,5,2,1,0,0,0.7255,3.6637
82,52.928128,13.698711,10,49489.8,980.0,5.0500,"Diamond Mine",1747922850,1770896590,0.992633,"Rough Diamonds",81,1747922850,200,5,2,1,0,0,0.7686,3.8816
82,52.928670,13.698627,10,38127.3,755.0,5.0500,"Diamond Mine",1747922889,1770896590,0.992633,"Rough Diamonds",81,1747922889,200,5,2,1,0,0,0.5922,2.9904
82,52.929165,13.697787,10,39642.3,785.0,5.0500,"Diamond Mine",1747923089,1770896590,0.992633,"Rough Diamonds",81,1747923089,200,5,2,1,0,0,0.6157,3.1092
82,52.929050,13.698196,10,43934.8,870.0,5.0500,"Diamond Mine",1747923099,1770896590,0.992633,"Rough Diamonds",81,1747923099,200,5,2,1,0,0,0.6824,3.4459
82,52.928932,13.698602,10,38127.3,755.0,5.0500,"Diamond Mine",1747923121,1770896590,0.992633,"Rough Diamonds",81,1747923121,200,5,2,1,0,0,0.5922,2.9904
82,52.929434,13.697758,10,29794.9,590.0,5.0500,"Diamond Mine",1747923193,1770896590,0.992633,"Rough Diamonds",81,1747923193,200,5,2,1,0,0,0.4627,2.3369
82,52.929319,13.698155,10,45449.8,900.0,5.0500,"Diamond Mine",1747923200,1770896590,0.992633,"Rough Diamonds",81,1747923200,200,5,2,1,0,0,0.7059,3.5647
82,52.929206,13.698565,10,36864.8,730.0,5.0500,"Diamond Mine",1747923212,1770896590,0.992633,"Rough Diamonds",81,1747923212,200,5,2,1,0,0,0.5725,2.8914
82,52.929588,13.698125,10,42419.8,840.0,5.0500,"Diamond Mine",1747923260,1770896590,0.992633,"Rough Diamonds",81,1747923260,200,5,2,1,0,0,0.6588,3.3270
82,52.929469,13.698530,10,36864.8,730.0,5.0500,"Diamond Mine",1747923268,1770896590,0.992633,"Rough Diamonds",81,1747923268,200,5,2,1,0,0,0.5725,2.8914
82,52.929703,13.697720,10,23987.4,475.0,5.0500,"Diamond Mine",1747923306,1770896590,0.992633,"Rough Diamonds",81,1747923306,200,5,2,1,0,0,0.3725,1.8814
82,52.929857,13.698088,10,35349.8,700.0,5.0500,"Diamond Mine",1747923329,1770896590,0.992633,"Rough Diamonds",81,1747923329,200,5,2,1,0,0,0.5490,2.7725
82,52.929742,13.698496,10,41157.3,815.0,5.0500,"Diamond Mine",1747923338,1770896590,0.992633,"Rough Diamonds",81,1747923338,200,5,2,1,0,0,0.6392,3.2280
82,52.929623,13.698901,10,42419.8,840.0,5.0500,"Diamond Mine",1747923383,1770896590,0.992633,"Rough Diamonds",81,1747923383,200,5,2,1,0,0,0.6588,3.3270
82,52.929356,13.698940,10,29794.9,590.0,5.0500,"Diamond Mine",1747923409,1770896590,0.992633,"Rough Diamonds",81,1747923409,200,5,2,1,0,0,0.4627,2.3369
82,52.929088,13.698971,10,34087.3,675.0,5.0500,"Diamond Mine",1747923452,1770896590,0.992633,"Rough Diamonds",81,1747923452,200,5,2,1,0,0,0.5294,2.6735
82,52.928819,13.699009,10,26764.9,530.0,5.0500,"Diamond Mine",1747923513,1770896590,0.992633,"Rough Diamonds",81,1747923513,200,5,2,1,0,0,0.4157,2.0992
82,52.928552,13.699040,10,29794.9,590.0,5.0500,"Diamond Mine",1747923574,1770896590,0.992633,"Rough Diamonds",81,1747923574,200,5,2,1,0,0,0.4627,2.3369
82,52.928283,13.699075,10,34087.3,675.0,5.0500,"Diamond Mine",1747923616,1770896590,0.992633,"Rough Diamonds",81,1747923616,200,5,2,1,0,0,0.5294,2.6735
82,52.927858,13.698744,10,34087.3,675.0,5.0500,"Diamond Mine",1747923689,1770896590,0.992633,"Rough Diamonds",81,1747923689,200,5,2,1,0,0,0.5294,2.6735
82,52.928014,13.699118,10,28279.9,560.0,5.0500,"Diamond Mine",1747923696,1770896590,0.992633,"Rough Diamonds",81,1747923696,200,5,2,1,0,0,0.4392,2.2180
82,52.927705,13.698374,10,39642.3,785.0,5.0500,"Diamond Mine",1747923724,1770896590,0.992633,"Rough Diamonds",81,1747923724,200,5,2,1,0,0,0.6157,3.1092
82,52.927821,13.697961,10,51004.8,1010.0,5.0500,"Diamond Mine",1747923797,1770896590,0.992633,"Rough Diamonds",81,1747923797,200,5,2,1,0,0,0.7922,4.0004
82,52.927230,13.697264,10,60852.2,1205.0,5.0500,"Diamond Mine",1747924018,1770896590,0.992633,"Rough Diamonds",81,1747924018,200,5,2,1,0,0,0.9451,4.7727
82,52.927392,13.697644,10,60852.2,1205.0,5.0500,"Diamond Mine",1747924063,1770896590,0.992633,"Rough Diamonds",81,1747924063,200,5,2,1,0,0,0.9451,4.7727
82,52.927558,13.697997,10,53782.2,1065.0,5.0500,"Diamond Mine",1747924068,1770896590,0.992633,"Rough Diamonds",81,1747924068,200,5,2,1,0,0,0.8353,4.2182
82,52.926948,13.696515,10,41157.3,815.0,5.0500,"Diamond Mine",1747924320,1770896590,0.992633,"Rough Diamonds",81,1747924320,200,5,2,1,0,0,0.6392,3.2280
82,52.926788,13.696154,10,39642.3,785.0,5.0500,"Diamond Mine",1747924363,1770896590,0.992633,"Rough Diamonds",81,1747924363,200,5,2,1,0,0,0.6157,3.1092
82,52.926902,13.695748,10,39642.3,785.0,5.0500,"Diamond Mine",1747924394,1770896590,0.992633,"Rough Diamonds",81,1747924394,200,5,2,1,0,0,0.6157,3.1092
82,52.926681,13.696560,10,36864.8,730.0,5.0500,"Diamond Mine",1747924441,1770896590,0.992633,"Rough Diamonds",81,1747924441,200,5,2,1,0,0,0.5725,2.8914
82,52.927017,13.695356,10,31057.4,615.0,5.0500,"Diamond Mine",1747924506,1770896590,0.992633,"Rough Diamonds",81,1747924506,200,5,2,1,0,0,0.4824,2.4359
82,52.927285,13.695303,10,32572.3,645.0,5.0500,"Diamond Mine",1747924524,1770896590,0.992633,"Rough Diamonds",81,1747924524,200,5,2,1,0,0,0.5059,2.5547
82,52.926747,13.695381,10,22724.9,450.0,5.0500,"Diamond Mine",1747924560,1770896590,0.992633,"Rough Diamonds",81,1747924560,200,5,2,1,0,0,0.3529,1.7823
82,52.926638,13.695787,10,36864.8,730.0,5.0500,"Diamond Mine",1747924571,1770896590,0.992633,"Rough Diamonds",81,1747924571,200,5,2,1,0,0,0.5725,2.8914
82,52.926523,13.696189,10,39642.3,785.0,5.0500,"Diamond Mine",1747924609,1770896590,0.992633,"Rough Diamonds",81,1747924609,200,5,2,1,0,0,0.6157,3.1092
82,52.926830,13.696917,10,32572.3,645.0,5.0500,"Diamond Mine",1747924674,1770896590,0.992633,"Rough Diamonds",81,1747924674,200,5,2,1,0,0,0.5059,2.5547
82,52.926412,13.696597,10,36864.8,730.0,5.0500,"Diamond Mine",1747924696,1770896590,0.992633,"Rough Diamonds",81,1747924696,200,5,2,1,0,0,0.5725,2.8914
82,52.926566,13.696958,10,28279.9,560.0,5.0500,"Diamond Mine",1747924703,1770896590,0.992633,"Rough Diamonds",81,1747924703,200,5,2,1,0,0,0.4392,2.2180
82,52.926374,13.695831,10,43934.8,870.0,5.0500,"Diamond Mine",1747924754,1770896590,0.992633,"Rough Diamonds",81,1747924754,200,5,2,1,0,0,0.6824,3.4459
82,52.926261,13.696235,10,42419.8,840.0,5.0500,"Diamond Mine",1747924764,1770896590,0.992633,"Rough Diamonds",81,1747924764,200,5,2,1,0,0,0.6588,3.3270
82,52.926969,13.697290,10,36864.8,730.0,5.0500,"Diamond Mine",1747924838,1770896590,0.992633,"Rough Diamonds",81,1747924838,200,5,2,1,0,0,0.5725,2.8914
82,52.926704,13.697335,10,26764.9,530.0,5.0500,"Diamond Mine",1747924855,1770896590,0.992633,"Rough Diamonds",81,1747924855,200,5,2,1,0,0,0.4157,2.0992
82,52.927128,13.697667,10,49489.8,980.0,5.0500,"Diamond Mine",1747924903,1770896590,0.992633,"Rough Diamonds",81,1747924903,200,5,2,1,0,0,0.7686,3.8816
82,52.926856,13.697692,10,32572.3,645.0,5.0500,"Diamond Mine",1747924911,1770896590,0.992633,"Rough Diamonds",81,1747924911,200,5,2,1,0,0,0.5059,2.5547
82,52.927290,13.698057,10,38127.3,755.0,5.0500,"Diamond Mine",1747924947,1770896590,0.992633,"Rough Diamonds",81,1747924947,200,5,2,1,0,0,0.5922,2.9904
82,52.927018,13.698066,10,22724.9,450.0,5.0500,"Diamond Mine",1747924964,1770896590,0.992633,"Rough Diamonds",81,1747924964,200,5,2,1,0,0,0.3529,1.7823
82,52.927442,13.698419,10,31057.4,615.0,5.0500,"Diamond Mine",1747925015,1770896590,0.992633,"Rough Diamonds",81,1747925015,200,5,2,1,0,0,0.4824,2.4359
82,52.927163,13.698444,10,19694.9,390.0,5.0500,"Diamond Mine",1747925023,1770896590,0.992633,"Rough Diamonds",81,1747925023,200,5,2,1,0,0,0.3059,1.5447
82,52.927594,13.698783,10,19694.9,390.0,5.0500,"Diamond Mine",1747925081,1770896590,0.992633,"Rough Diamonds",81,1747925081,200,5,2,1,0,0,0.3059,1.5447
82,52.927321,13.698810,10,22724.9,450.0,5.0500,"Diamond Mine",1747925089,1770896590,0.992633,"Rough Diamonds",81,1747925089,200,5,2,1,0,0,0.3529,1.7823
82,52.927746,13.699140,10,26764.9,530.0,5.0500,"Diamond Mine",1747925170,1770896590,0.992633,"Rough Diamonds",81,1747925170,200,5,2,1,0,0,0.4157,2.0992
82,52.927477,13.699189,10,28279.9,560.0,5.0500,"Diamond Mine",1747925178,1770896590,0.992633,"Rough Diamonds",81,1747925178,200,5,2,1,0,0,0.4392,2.2180
82,52.927206,13.699218,10,31057.4,615.0,5.0500,"Diamond Mine",1747925206,1770896590,0.992633,"Rough Diamonds",81,1747925206,200,5,2,1,0,0,0.4824,2.4359
82,52.927357,13.699593,10,31057.4,615.0,5.0500,"Diamond Mine",1747925238,1770896590,0.992633,"Rough Diamonds",81,1747925238,200,5,2,1,0,0,0.4824,2.4359
82,52.927626,13.699562,10,28279.9,560.0,5.0500,"Diamond Mine",1747925249,1770896590,0.992633,"Rough Diamonds",81,1747925249,200,5,2,1,0,0,0.4392,2.2180
82,52.927894,13.699514,10,16917.4,335.0,5.0500,"Diamond Mine",1747925449,1770896590,0.992633,"Rough Diamonds",81,1747925449,200,5,2,1,0,0,0.2627,1.3269
82,52.927059,13.698853,10,15402.4,305.0,5.0500,"Diamond Mine",1747925518,1770896590,0.992633,"Rough Diamonds",81,1747925518,200,5,2,1,0,0,0.2392,1.2080
82,52.926902,13.698475,10,12624.9,250.0,5.0500,"Diamond Mine",1747925619,1770896590,0.992633,"Rough Diamonds",81,1747925619,200,5,2,1,0,0,0.1961,0.9902
82,52.926593,13.697738,10,11362.4,225.0,5.0500,"Diamond Mine",1747925722,1770896590,0.992633,"Rough Diamonds",81,1747925722,200,5,2,1,0,0,0.1765,0.8912
82,52.926750,13.698104,10,7070.0,140.0,5.0500,"Diamond Mine",1747925730,1770896590,0.992633,"Rough Diamonds",81,1747925730,200,5,2,1,0,0,0.1098,0.5545
82,52.926442,13.697380,10,19694.9,390.0,5.0500,"Diamond Mine",1747925791,1770896590,0.992633,"Rough Diamonds",81,1747925791,200,5,2,1,0,0,0.3059,1.5447
82,52.926302,13.697001,10,18432.4,365.0,5.0500,"Diamond Mine",1747925826,1770896590,0.992633,"Rough Diamonds",81,1747925826,200,5,2,1,0,0,0.2863,1.4457
82,52.926147,13.696638,10,26764.9,530.0,5.0500,"Diamond Mine",1747925859,1770896590,0.992633,"Rough Diamonds",81,1747925859,200,5,2,1,0,0,0.4157,2.0992
82,52.925996,13.696276,10,23987.4,475.0,5.0500,"Diamond Mine",1747925903,1770896590,0.992633,"Rough Diamonds",81,1747925903,200,5,2,1,0,0,0.3725,1.8814
82,52.926108,13.695874,10,38127.3,755.0,5.0500,"Diamond Mine",1747925926,1770896590,0.992633,"Rough Diamonds",81,1747925926,200,5,2,1,0,0,0.5922,2.9904
82,52.926481,13.695430,10,25502.4,505.0,5.0500,"Diamond Mine",1747925973,1770896590,0.992633,"Rough Diamonds",81,1747925973,200,5,2,1,0,0,0.3961,2.0002
82,52.926216,13.695475,10,16917.4,335.0,5.0500,"Diamond Mine",1747925980,1770896590,0.992633,"Rough Diamonds",81,1747925980,200,5,2,1,0,0,0.2627,1.3269
82,52.927125,13.694956,10,36864.8,730.0,5.0500,"Diamond Mine",1747926199,1770896590,0.992633,"Rough Diamonds",81,1747926199,200,5,2,1,0,0,0.5725,2.8914
82,52.926860,13.694984,10,21209.9,420.0,5.0500,"Diamond Mine",1747926213,1770896590,0.992633,"Rough Diamonds",81,1747926213,200,5,2,1,0,0,0.3294,1.6635
82,52.926976,13.694578,10,16917.4,335.0,5.0500,"Diamond Mine",1747926293,1770896590,0.992633,"Rough Diamonds",81,1747926293,200,5,2,1,0,0,0.2627,1.3269
82,52.927551,13.695276,10,38127.3,755.0,5.0500,"Diamond Mine",1747926568,1770896590,0.992633,"Rough Diamonds",81,1747926568,200,5,2,1,0,0,0.5922,2.9904
82,52.927389,13.694896,10,34087.3,675.0,5.0500,"Diamond Mine",1747926588,1770896590,0.992633,"Rough Diamonds",81,1747926588,200,5,2,1,0,0,0.5294,2.6735
82,52.927243,13.694520,10,22724.9,450.0,5.0500,"Diamond Mine",1747926599,1770896590,0.992633,"Rough Diamonds",81,1747926599,200,5,2,1,0,0,0.3529,1.7823
82,52.927826,13.695234,10,28279.9,560.0,5.0500,"Diamond Mine",1747926685,1770896590,0.992633,"Rough Diamonds",81,1747926685,200,5,2,1,0,0,0.4392,2.2180
82,52.927660,13.694876,10,34087.3,675.0,5.0500,"Diamond Mine",1747926695,1770896590,0.992633,"Rough Diamonds",81,1747926695,200,5,2,1,0,0,0.5294,2.6735
82,52.927514,13.694503,10,26764.9,530.0,5.0500,"Diamond Mine",1747926702,1770896590,0.992633,"Rough Diamonds",81,1747926702,200,5,2,1,0,0,0.4157,2.0992
82,52.927932,13.694834,10,21209.9,420.0,5.0500,"Diamond Mine",1747926788,1770896590,0.992633,"Rough Diamonds",81,1747926788,200,5,2,1,0,0,0.3294,1.6635
82,52.927778,13.694478,10,26764.9,530.0,5.0500,"Diamond Mine",1747926796,1770896590,0.992633,"Rough Diamonds",81,1747926796,200,5,2,1,0,0,0.4157,2.0992
82,52.928042,13.694415,10,28279.9,560.0,5.0500,"Diamond Mine",1747926895,1770896590,0.992633,"Rough Diamonds",81,1747926895,200,5,2,1,0,0,0.4392,2.2180
82,52.927370,13.694121,10,26764.9,530.0,5.0500,"Diamond Mine",1747926907,1770896590,0.992633,"Rough Diamonds",81,1747926907,200,5,2,1,0,0,0.4157,2.0992
82,52.927638,13.694098,10,32572.3,645.0,5.0500,"Diamond Mine",1747926915,1770896590,0.992633,"Rough Diamonds",81,1747926915,200,5,2,1,0,0,0.5059,2.5547
82,52.927905,13.694040,10,39642.3,785.0,5.0500,"Diamond Mine",1747926923,1770896590,0.992633,"Rough Diamonds",81,1747926923,200,5,2,1,0,0,0.6157,3.1092
82,52.928309,13.694378,10,26764.9,530.0,5.0500,"Diamond Mine",1747927011,1770896590,0.992633,"Rough Diamonds",81,1747927011,200,5,2,1,0,0,0.4157,2.0992
82,52.928171,13.694007,10,41157.3,815.0,5.0500,"Diamond Mine",1747927026,1770896590,0.992633,"Rough Diamonds",81,1747927026,200,5,2,1,0,0,0.6392,3.2280
82,52.928789,13.695504,10,36864.8,730.0,5.0500,"Diamond Mine",1747927341,1770896590,0.992633,"Rough Diamonds",81,1747927341,200,5,2,1,0,0,0.5725,2.8914
82,52.928633,13.695132,10,15402.4,305.0,5.0500,"Diamond Mine",1747927366,1770896590,0.992633,"Rough Diamonds",81,1747927366,200,5,2,1,0,0,0.2392,1.2080
82,52.928573,13.694358,10,22724.9,450.0,5.0500,"Diamond Mine",1747927657,1770896590,0.992633,"Rough Diamonds",81,1747927657,200,5,2,1,0,0,0.3529,1.7823
82,52.928435,13.693980,10,43934.8,870.0,5.0500,"Diamond Mine",1747927723,1770896590,0.992633,"Rough Diamonds",81,1747927723,200,5,2,1,0,0,0.6824,3.4459
82,52.928700,13.693940,10,36864.8,730.0,5.0500,"Diamond Mine",1747927789,1770896590,0.992633,"Rough Diamonds",81,1747927789,200,5,2,1,0,0,0.5725,2.8914
82,52.928839,13.694318,10,14139.9,280.0,5.0500,"Diamond Mine",1747927815,1770896590,0.992633,"Rough Diamonds",81,1747927815,200,5,2,1,0,0,0.2196,1.1090
82,52.928286,13.693613,10,43934.8,870.0,5.0500,"Diamond Mine",1747927902,1770896590,0.992633,"Rough Diamonds",81,1747927902,200,5,2,1,0,0,0.6824,3.4459
82,52.928556,13.693572,10,39642.3,785.0,5.0500,"Diamond Mine",1747927913,1770896590,0.992633,"Rough Diamonds",81,1747927913,200,5,2,1,0,0,0.6157,3.1092
82,52.928017,13.693641,10,42419.8,840.0,5.0500,"Diamond Mine",1747927968,1770896590,0.992633,"Rough Diamonds",81,1747927968,200,5,2,1,0,0,0.6588,3.3270
82,52.927746,13.693691,10,39642.3,785.0,5.0500,"Diamond Mine",1747928022,1770896590,0.992633,"Rough Diamonds",81,1747928022,200,5,2,1,0,0,0.6157,3.1092
82,52.927481,13.693720,10,36864.8,730.0,5.0500,"Diamond Mine",1747928111,1770896590,0.992633,"Rough Diamonds",81,1747928111,200,5,2,1,0,0,0.5725,2.8914
82,52.927856,13.693282,10,28279.9,560.0,5.0500,"Diamond Mine",1747928122,1770896590,0.992633,"Rough Diamonds",81,1747928122,200,5,2,1,0,0,0.4392,2.2180
82,52.927594,13.693323,10,28279.9,560.0,5.0500,"Diamond Mine",1747928165,1770896590,0.992633,"Rough Diamonds",81,1747928165,200,5,2,1,0,0,0.4392,2.2180
82,52.927086,13.694162,10,22724.9,450.0,5.0500,"Diamond Mine",1747928336,1770896590,0.992633,"Rough Diamonds",81,1747928336,200,5,2,1,0,0,0.3529,1.7823
82,52.927212,13.693768,10,32572.3,645.0,5.0500,"Diamond Mine",1747928343,1770896590,0.992633,"Rough Diamonds",81,1747928343,200,5,2,1,0,0,0.5059,2.5547
82,52.927327,13.693361,10,29794.9,590.0,5.0500,"Diamond Mine",1747928352,1770896590,0.992633,"Rough Diamonds",81,1747928352,200,5,2,1,0,0,0.4627,2.3369
82,52.929205,13.695825,10,9847.5,195.0,5.0500,"Diamond Mine",1747928884,1770896590,0.992633,"Rough Diamonds",81,1747928884,200,5,2,1,0,0,0.1529,0.7723
82,52.929357,13.696202,10,12624.9,250.0,5.0500,"Diamond Mine",1747928912,1770896590,0.992633,"Rough Diamonds",81,1747928912,200,5,2,1,0,0,0.1961,0.9902
82,52.929394,13.696988,10,35349.8,700.0,5.0500,"Diamond Mine",1747928963,1770896590,0.992633,"Rough Diamonds",81,1747928963,200,5,2,1,0,0,0.5490,2.7725
82,52.929510,13.696575,10,12624.9,250.0,5.0500,"Diamond Mine",1747928971,1770896590,0.992633,"Rough Diamonds",81,1747928971,200,5,2,1,0,0,0.1961,0.9902
82,52.929550,13.697356,10,21209.9,420.0,5.0500,"Diamond Mine",1747929024,1770896590,0.992633,"Rough Diamonds",81,1747929024,200,5,2,1,0,0,0.3294,1.6635
82,52.929660,13.696945,10,14139.9,280.0,5.0500,"Diamond Mine",1747929086,1770896590,0.992633,"Rough Diamonds",81,1747929086,200,5,2,1,0,0,0.2196,1.1090
82,52.929814,13.697314,10,11362.4,225.0,5.0500,"Diamond Mine",1747929148,1770896590,0.992633,"Rough Diamonds",81,1747929148,200,5,2,1,0,0,0.1765,0.8912
82,52.929968,13.697681,10,11362.4,225.0,5.0500,"Diamond Mine",1747929228,1770896590,0.992633,"Rough Diamonds",81,1747929228,200,5,2,1,0,0,0.1765,0.8912
82,52.930122,13.698043,10,34087.3,675.0,5.0500,"Diamond Mine",1747929262,1770896590,0.992633,"Rough Diamonds",81,1747929262,200,5,2,1,0,0,0.5294,2.6735
82,52.930013,13.698446,10,48227.3,955.0,5.0500,"Diamond Mine",1747929271,1770896590,0.992633,"Rough Diamonds",81,1747929271,200,5,2,1,0,0,0.7490,3.7825
82,52.929898,13.698853,10,49489.8,980.0,5.0500,"Diamond Mine",1747929278,1770896590,0.992633,"Rough Diamonds",81,1747929278,200,5,2,1,0,0,0.7686,3.8816
82,52.930166,13.698808,1,4822.7,955.0,5.0500,"Diamond Mine",1747929365,1770825675,0.959802,"Rough Diamonds",81,1747929365,200,5,2,1,0,0,0.7490,3.7825
82,52.930282,13.698404,1,4393.5,870.0,5.0500,"Diamond Mine",1747929387,1770825675,0.959802,"Rough Diamonds",81,1747929387,200,5,2,1,0,0,0.6824,3.4459
82,52.462725,13.683563,1,4949.0,980.0,5.0500,"Diamond Mine",1749587217,1770825675,0.959802,"Rough Diamonds",81,1749587217,200,5,2,1,0,0,0.7686,3.8816
82,52.604072,14.599250,1,4115.7,815.0,5.0500,"Diamond Mine",1749913048,1770825675,0.959802,"Rough Diamonds",81,1749913048,200,5,2,1,0,0,0.6392,3.2280
82,52.462508,13.683299,1,4115.7,815.0,5.0500,"Diamond Mine",1750083804,1770825675,0.959802,"Rough Diamonds",81,1750083804,200,5,2,1,0,0,0.6392,3.2280
82,52.433650,13.716991,1,3964.2,785.0,5.0500,"Diamond Mine",1750176119,1770825675,0.959802,"Rough Diamonds",81,1756641244,200,5,2,1,1,1,0.6157,3.1092
82,52.052267,13.739713,1,3686.5,730.0,5.0500,"Diamond Mine",1750495402,1770825675,0.959802,"Rough Diamonds",81,1750495402,200,5,2,1,0,0,0.5725,2.8914
82,52.015821,13.749591,1,5100.5,1010.0,5.0500,"Diamond Mine",1750538824,1770825675,0.959802,"Rough Diamonds",81,1750538824,200,5,2,1,0,0,0.7922,4.0004
82,52.015847,13.750019,1,5100.5,1010.0,5.0500,"Diamond Mine",1750582396,1770825675,0.959802,"Rough Diamonds",81,1750582396,200,5,2,1,0,0,0.7922,4.0004
82,52.016518,13.749132,1,5100.5,1010.0,5.0500,"Diamond Mine",1750625699,1770825675,0.959802,"Rough Diamonds",81,1750625699,200,5,2,1,0,0,0.7922,4.0004
82,52.016775,13.749270,1,5529.7,1095.0,5.0500,"Diamond Mine",1750668902,1770825675,0.959802,"Rough Diamonds",81,1750668902,200,5,2,1,0,0,0.8588,4.3370
82,52.436271,13.716390,1,3812.7,755.0,5.0500,"Diamond Mine",1750770724,1770825675,0.959802,"Rough Diamonds",81,1750770724,200,5,2,1,0,0,0.5922,2.9904
82,52.253736,11.653999,1,4115.7,815.0,5.0500,"Diamond Mine",1751721418,1770825675,0.959802,"Rough Diamonds",81,1751721418,200,5,2,1,0,0,0.6392,3.2280
82,49.946252,7.265624,1,4949.0,980.0,5.0500,"Diamond Mine",1751833270,1770825675,0.959802,"Rough Diamonds",81,1751833270,200,5,2,1,0,0,0.7686,3.8816
82,52.463005,13.682953,1,3535.0,700.0,5.0500,"Diamond Mine",1755216054,1770825675,0.959802,"Rough Diamonds",81,1755216054,200,5,2,1,0,0,0.5490,2.7725
82,52.436286,13.515334,1,4393.5,870.0,5.0500,"Diamond Mine",1755512743,1770825675,0.959802,"Rough Diamonds",81,1755512743,200,5,2,1,0,0,0.6824,3.4459
82,52.462494,13.683770,1,3535.0,700.0,5.0500,"Diamond Mine",1757801137,1770825675,0.959802,"Rough Diamonds",81,1757801137,200,5,2,1,0,0,0.5490,2.7725
82,52.436541,13.683453,1,3408.7,675.0,5.0500,"Diamond Mine",1757957537,1770825675,0.959802,"Rough Diamonds",81,1757957537,200,5,2,1,0,0,0.5294,2.6735
82,52.439349,13.689190,1,3408.7,675.0,5.0500,"Diamond Mine",1757957629,1770825675,0.959802,"Rough Diamonds",81,1757957629,200,5,2,1,0,0,0.5294,2.6735
82,52.439078,13.689230,1,3408.7,675.0,5.0500,"Diamond Mine",1757958319,1770825675,0.959802,"Rough Diamonds",81,1757958319,200,5,2,1,0,0,0.5294,2.6735
82,52.439620,13.689136,1,3257.2,645.0,5.0500,"Diamond Mine",1757958507,1770825675,0.959802,"Rough Diamonds",81,1757958507,200,5,2,1,0,0,0.5059,2.5547
82,52.433777,13.716597,1,4545.0,900.0,5.0500,"Diamond Mine",1757960092,1770825675,0.959802,"Rough Diamonds",81,1757960092,200,5,2,1,0,0,0.7059,3.5647
82,52.436898,13.715569,1,3686.5,730.0,5.0500,"Diamond Mine",1757960599,1770825675,0.959802,"Rough Diamonds",81,1757960599,200,5,2,1,0,0,0.5725,2.8914
82,52.437364,13.715201,1,3408.7,675.0,5.0500,"Diamond Mine",1757960649,1770825675,0.959802,"Rough Diamonds",81,1757960649,200,5,2,1,0,0,0.5294,2.6735
82,52.437266,13.714786,1,3257.2,645.0,5.0500,"Diamond Mine",1757960729,1770825675,0.959802,"Rough Diamonds",81,1757960729,200,5,2,1,0,0,0.5059,2.5547
82,52.436130,13.715484,1,3408.7,675.0,5.0500,"Diamond Mine",1757961115,1770825675,0.959802,"Rough Diamonds",81,1757961115,200,5,2,1,0,0,0.5294,2.6735
82,52.434314,13.715823,1,3257.2,645.0,5.0500,"Diamond Mine",1757961377,1770825675,0.959802,"Rough Diamonds",81,1757961377,200,5,2,1,0,0,0.5059,2.5547
82,52.434031,13.715820,1,3257.2,645.0,5.0500,"Diamond Mine",1757961433,1770825675,0.959802,"Rough Diamonds",81,1757961433,200,5,2,1,0,0,0.5059,2.5547
82,52.433634,13.716218,1,3408.7,675.0,5.0500,"Diamond Mine",1757961470,1770825675,0.959802,"Rough Diamonds",81,1757961470,200,5,2,1,0,0,0.5294,2.6735
82,52.433506,13.716614,1,3535.0,700.0,5.0500,"Diamond Mine",1757961503,1770825675,0.959802,"Rough Diamonds",81,1757961503,200,5,2,1,0,0,0.5490,2.7725
82,52.447754,13.660992,1,3257.2,645.0,5.0500,"Diamond Mine",1758189681,1770825675,0.959802,"Rough Diamonds",81,1758189681,200,5,2,1,0,0,0.5059,2.5547
82,52.284815,13.906298,1,6438.7,1275.0,5.0500,"Diamond Mine",1758370566,1770825675,0.959802,"Rough Diamonds",81,1758370566,200,5,2,1,0,0,1.0000,5.0500
82,52.447299,13.660347,1,3408.7,675.0,5.0500,"Diamond Mine",1758626080,1770825675,0.959802,"Rough Diamonds",81,1758626080,200,5,2,1,0,0,0.5294,2.6735
82,52.476479,13.506170,1,3257.2,645.0,5.0500,"Diamond Mine",1758730515,1770825675,0.959802,"Rough Diamonds",81,1758730515,200,5,2,1,0,0,0.5059,2.5547
82,52.462540,13.682841,1,3257.2,645.0,5.0500,"Diamond Mine",1758844867,1770825675,0.959802,"Rough Diamonds",81,1758844867,200,5,2,1,0,0,0.5059,2.5547
82,52.421473,13.637715,1,6438.7,1275.0,5.0500,"Diamond Mine",1768931759,1770825675,0.959802,"Rough Diamonds",81,1768931759,200,5,2,1,0,0,1.0000,5.0500
82,52.421250,13.637465,1,4671.2,925.0,5.0500,"Diamond Mine",1768931777,1770825675,0.959802,"Rough Diamonds",81,1768931777,200,5,2,1,0,0,0.7255,3.6637
82,52.421229,13.637907,1,6438.7,1275.0,5.0500,"Diamond Mine",1768931785,1770825675,0.959802,"Rough Diamonds",81,1768931785,200,5,2,1,0,0,1.0000,5.0500
82,52.421452,13.638157,1,6438.7,1275.0,5.0500,"Diamond Mine",1768931793,1770825675,0.959802,"Rough Diamonds",81,1768931793,200,5,2,1,0,0,1.0000,5.0500
82,52.421696,13.637966,1,6438.7,1275.0,5.0500,"Diamond Mine",1768931804,1770825675,0.959802,"Rough Diamonds",81,1768931804,200,5,2,1,0,0,1.0000,5.0500
82,52.421717,13.637524,1,4115.7,815.0,5.0500,"Diamond Mine",1768931811,1770825675,0.959802,"Rough Diamonds",81,1768931811,200,5,2,1,0,0,0.6392,3.2280
82,52.421675,13.638408,1,5252.0,1040.0,5.0500,"Diamond Mine",1768931819,1770825675,0.959802,"Rough Diamonds",81,1768931819,200,5,2,1,0,0,0.8157,4.1192
82,52.421006,13.637656,1,4822.7,955.0,5.0500,"Diamond Mine",1768931857,1770825675,0.959802,"Rough Diamonds",81,1768931857,200,5,2,1,0,0,0.7490,3.7825
82,52.420985,13.638098,1,3686.5,730.0,5.0500,"Diamond Mine",1768931884,1770825675,0.959802,"Rough Diamonds",81,1768931884,200,5,2,1,0,0,0.5725,2.8914
82,52.421208,13.638349,1,5681.2,1125.0,5.0500,"Diamond Mine",1768931891,1770825675,0.959802,"Rough Diamonds",81,1768931891,200,5,2,1,0,0,0.8824,4.4559
82,52.421431,13.638599,1,4949.0,980.0,5.0500,"Diamond Mine",1768931920,1770825675,0.959802,"Rough Diamonds",81,1768931920,200,5,2,1,0,0,0.7686,3.8816
82,52.421919,13.638217,1,4242.0,840.0,5.0500,"Diamond Mine",1768931961,1770825675,0.959802,"Rough Diamonds",81,1768931961,200,5,2,1,0,0,0.6588,3.3270
82,52.421940,13.637775,1,3964.2,785.0,5.0500,"Diamond Mine",1768931981,1770825675,0.959802,"Rough Diamonds",81,1768931981,200,5,2,1,0,0,0.6157,3.1092
82,52.421898,13.638659,1,3812.7,755.0,5.0500,"Diamond Mine",1768931990,1770825675,0.959802,"Rough Diamonds",81,1768931990,200,5,2,1,0,0,0.5922,2.9904
82,52.436623,13.542388,1,3686.5,730.0,5.0500,"Diamond Mine",1769724354,1770878188,0.984114,"Rough Diamonds",81,1769724354,200,5,2,1,0,0,0.5725,2.8914
